PANK4	chr1	2510678	2510748	-	71	NPB
CAMTA1	chr1	7755638	7755668	+	31	ESF
ENO1	chr1	8870452	8870510	-	59	ESF
TARDBP	chr1	11023156	11023329	+	174	NPB
TARDBP	chr1	11023161	11023329	+	169	NPB
TARDBP	chr1	11023193	11023329	+	137	CPB
TARDBP	chr1	11024064	11024273	+	210	NUA
TARDBP	chr1	11024064	11024335	+	272	NUA
TARDBP	chr1	11025110	11025207	+	98	NUA
TARDBP	chr1	11025110	11025221	+	112	NUA
DDI2	chr1	15638307	15638434	+	128	ESF
ARHGEF10L	chr1	17691120	17691192	+	73	NPB
EIF4G3	chr1	20997600	20997633	-	34	NPB
EIF4G3	chr1	21001199	21001324	-	126	NPB
USP48	chr1	21736430	21736625	-	196	NFS
HNRNPR	chr1	23306412	23306503	-	92	NUA
SRSF10	chr1	23977911	23978273	-	363	NUA
SRSF10	chr1	23978653	23978817	-	165	NPB
SRSF10	chr1	23978713	23978817	-	105	ESF
SRRM1	chr1	24647079	24647208	+	130	NUA
SRRM1	chr1	24648024	24648166	+	143	NUA
RSRP1	chr1	25244454	25244498	-	45	NUA
PHACTR4	chr1	28457832	28457859	+	28	NFS
SRSF4	chr1	29159864	29160058	-	195	NPB
SRSF4	chr1	29165890	29166064	-	175	NPB
MECR	chr1	29195941	29196258	-	318	NPB
TMEM39B	chr1	32076763	32076846	+	84	ESF
SFPQ	chr1	35177989	35178036	-	48	NPB
SFPQ	chr1	35181135	35181344	-	210	NUA
SFPQ	chr1	35182936	35184593	-	1658	ESF/LUA
AGO1	chr1	35893592	35893810	+	219	NPB
AGO3	chr1	36005719	36005858	+	140	CUA
MACF1	chr1	39328601	39328706	+	106	NPB
PABPC4	chr1	39571097	39571349	-	253	NPB
TRIT1	chr1	39857277	39857417	-	141	CPB
SZT2	chr1	43426438	43426538	+	101	NPB
ST3GAL3	chr1	43792102	43792149	+	48	CFS
ST3GAL3	chr1	43894383	43894477	+	95	CFS
ARMH1	chr1	44697102	44697170	+	69	ESF
LRRC41	chr1	46279182	46279614	-	433	NPB
MKNK1	chr1	46580530	46580627	-	98	CFS
SPATA6	chr1	48411464	48411604	-	141	NPB
ELAVL4	chr1	50178174	50178402	+	229	NPB
OSBPL9	chr1	51669434	51669512	+	79	ESF
OSBPL9	chr1	51669434	51669814	+	381	NPB
OSBPL9	chr1	51750145	51750195	+	51	CFS
AL445685.3	chr1	52028578	52028630	-	53	CUA
TUT4	chr1	52497006	52497183	-	178	ESF
LRP8	chr1	53276692	53277078	-	387	CFS
TCEANC2	chr1	54096285	54096844	+	560	NPB
USP24	chr1	55151912	55151975	-	64	NPB
MYSM1	chr1	58668430	58668566	-	137	NPB
NFIA	chr1	61111371	61111450	+	80	NPB
TM2D1	chr1	61723713	61723772	-	60	CPB
PATJ	chr1	61833358	61833377	+	20	NFS
DOCK7	chr1	62487398	62487452	-	55	NFS
DOCK7	chr1	62583184	62583254	-	71	ESF
ALG6	chr1	63396513	63396597	+	85	ESF
SGIP1	chr1	66667496	66667541	+	46	NFS
SGIP1	chr1	66670976	66671019	+	44	NPB
SGIP1	chr1	66670995	66671019	+	25	ESF
SRSF11	chr1	70228465	70228555	+	91	NPB
SRSF11	chr1	70230557	70230618	+	62	NUA
SRSF11	chr1	70231095	70231203	+	109	NPB
SRSF11	chr1	70231859	70231975	+	117	NPB
ZRANB2	chr1	71065678	71065752	-	75	NPB
ST6GALNAC5	chr1	77050262	77050365	+	104	CPB
FUBP1	chr1	77945506	77945642	-	137	NUA
FUBP1	chr1	77946530	77946576	-	47	NUA
FUBP1	chr1	77947453	77947552	-	100	NUA
ADGRL4	chr1	78921613	78921805	-	193	NPB
ADGRL4	chr1	78926886	78927091	-	206	ESF
ADGRL2	chr1	81941193	81942045	+	853	NPB
ADGRL2	chr1	81987289	81987341	+	53	CPB
ADGRL2	chr1	81989657	81989709	+	53	NPB
TTLL7	chr1	83906329	83906523	-	195	NPB
ZNF326	chr1	90005003	90005092	+	90	NFS
ZNF326	chr1	90007345	90007750	+	406	ESF
ZNF326	chr1	90007612	90007750	+	139	ESF
GLMN	chr1	92264554	92264638	-	85	ESF
DNTTIP2	chr1	93875645	93875783	-	139	ESF
PTBP2	chr1	96806419	96806452	+	34	ESF
CDC14A	chr1	100383466	100383640	+	175	NFS
VAV3	chr1	107688381	107688406	-	26	ESF
RBM15	chr1	110346308	110346677	+	370	CUA
RSBN1	chr1	113796186	113796303	-	118	NPB
SYT6	chr1	114093758	114093803	-	46	CPB
PDE4DIP	chr1	148981270	148981397	-	128	ESF
PRPF3	chr1	150327557	150327652	+	96	NPB
RPRD2	chr1	150441881	150441958	+	78	NUA
SNX27	chr1	151638888	151639119	+	232	CPB
TPM3	chr1	154172029	154172104	-	76	CPB
TRIM46	chr1	155178809	155178846	+	38	NFS
MTX1	chr1	155210346	155210435	-	90	NFS
FAM189B	chr1	155254400	155254456	+	57	CPB
CLK2	chr1	155268708	155268792	-	85	ESF
CLK2	chr1	155268708	155268795	-	88	ESF
DCAF8	chr1	160225062	160225119	-	58	ESF
PEX19	chr1	160283530	160283639	-	110	ESF
COPA	chr1	160313990	160314125	-	136	ESF
COPA	chr1	160332448	160332557	-	110	ESF
PPOX	chr1	161168445	161168576	+	132	CFS
PBX1	chr1	164820072	164820184	+	113	ESF
FAM78B	chr1	166069832	166070763	-	932	CPB
FAM78B	chr1	166069835	166070763	-	929	NFS
DCAF6	chr1	168022988	168023047	+	60	CUA
C1orf112	chr1	169800883	169800971	+	89	ESF
PRRX1	chr1	170730277	170730348	+	72	NPB
FMO1	chr1	171270577	171270745	-	169	NPB
DNM3	chr1	172093696	172093725	+	30	NPB
RABGAP1L	chr1	174877392	174877605	-	214	CPB
RGSL1	chr1	182458306	182458393	+	88	NPB
SMG7	chr1	183517626	183517820	+	195	NPB
SMG7	chr1	183527626	183527731	+	106	NPB
SMG7	chr1	183551818	183554193	+	2376	LUA
CDC73	chr1	193161123	193161190	+	68	NPB
DENND1B	chr1	197647055	197647114	-	60	ESF
PPP1R12B	chr1	202422620	202422738	+	119	ESF
PPP1R12B	chr1	202443087	202443127	+	41	NPB
SOX13	chr1	204121871	204121985	+	115	NPB
MDM4	chr1	204537430	204537497	+	68	CFS
MDM4	chr1	204537459	204537497	+	39	CFS
EIF2D	chr1	206599733	206599836	-	104	ESF
RCOR3	chr1	211312355	211312487	+	133	NPB
SLC30A10	chr1	219927028	219927143	-	116	NPB
EPRS1	chr1	220030386	220030480	-	95	ESF
WDR26	chr1	224424518	224424719	-	202	NPB
ARID4B	chr1	235176748	235176903	-	156	NPB
TBCE	chr1	235419473	235419561	+	89	ESF
RGS7	chr1	240800640	240800721	-	82	NPB
PLD5	chr1	242265362	242265448	-	87	NFS
PLD5	chr1	242348099	242348242	-	144	NPB
HNRNPU	chr1	244848788	244848856	-	69	NUA
ACP1	chr2	272037	272150	+	114	ESF
MYT1L	chr2	1922286	1923263	-	978	CPB
EIPR1	chr2	3257299	3257455	-	157	ESF
EIPR1	chr2	3338017	3338149	-	133	ESF
ADAM17	chr2	9526111	9526264	-	154	CUA
PUM2	chr2	20311494	20311663	-	170	CUA
PUM2	chr2	20312236	20312423	-	188	CPB
PUM2	chr2	20326261	20326385	-	125	NPB
APOB	chr2	21037958	21038111	-	154	ESF
DTNB	chr2	25607236	25607321	-	86	ESF
MPV17	chr2	27312994	27313109	-	116	ESF
SPAST	chr2	32136877	32136968	+	92	ESF
SLC30A6	chr2	32174063	32174147	+	85	ESF
ATL2	chr2	38343268	38343512	-	245	ESF
HNRNPLL	chr2	38577920	38578002	-	83	NPB
SRSF7	chr2	38748898	38749173	-	276	NPB
SRSF7	chr2	38748898	38749346	-	449	NPB
CDKL4	chr2	39225839	39225960	-	122	ESF
SLC8A1	chr2	40177752	40177855	-	104	PCFS
SLC8A1	chr2	40178387	40178493	-	107	PCFS
RHOQ	chr2	46543754	46543812	+	59	ESF
PIGF	chr2	46613694	46613785	-	92	ESF
PSME4	chr2	53925539	53925689	-	151	ESF
EML6	chr2	54946660	54948014	+	1355	NPB
CLHC1	chr2	55208626	55208710	-	85	ESF
CCDC88A	chr2	55315928	55316114	-	187	CPB
PNPT1	chr2	55687645	55687705	-	61	ESF
PAPOLG	chr2	60781885	60782005	+	121	CPB
KIAA1841	chr2	61076920	61077158	+	239	CPB
USP34	chr2	61405708	61406128	-	421	ESF
XPO1	chr2	61525270	61525333	-	64	NUA
XPO1	chr2	61525492	61526521	-	1030	NPB
WDPCP	chr2	63259307	63259409	-	103	ESF
VPS54	chr2	63913825	63913925	-	101	NPB
AFTPH	chr2	64567562	64567713	+	152	ESF
AFTPH	chr2	64579486	64579546	+	61	PESF
AFTPH	chr2	64581190	64581273	+	84	PESF
ACTR2	chr2	65241972	65242063	+	92	NPB
ACTR2	chr2	65246185	65246307	+	123	NPB
TIA1	chr2	70225328	70225393	-	66	NPB
TIA1	chr2	70228344	70228462	-	119	NFS
TIA1	chr2	70236079	70236175	-	97	CFS
ALMS1	chr2	73601195	73601436	+	242	ESF
M1AP	chr2	74607055	74607223	-	169	ESF
SEMA4F	chr2	74657853	74657951	+	99	ESF
SEMA4F	chr2	74662732	74662825	+	94	ESF
MRPS5	chr2	95104640	95104730	-	91	ESF
ARID5A	chr2	96549321	96549459	+	139	ESF
KANSL3	chr2	96619672	96619762	-	91	ESF
LMAN2L	chr2	96733519	96733601	-	83	ESF
LMAN2L	chr2	96737949	96738067	-	119	ESF
TMEM131	chr2	97818613	97818721	-	109	ESF
BCL2L11	chr2	111124050	111124139	+	90	ESF
SLC20A1	chr2	112652889	112652947	+	59	NFS
CBWD2	chr2	113457065	113457209	+	145	NPB
PTPN4	chr2	119885795	119885882	+	88	ESF
GLI2	chr2	120927361	120927466	+	106	ESF
AMMECR1L	chr2	127865906	127865981	-	76	NPB
AMMECR1L	chr2	127870762	127870928	-	167	NFS
AMMECR1L	chr2	127870762	127870957	-	196	NPB
SMPD4	chr2	130172625	130172677	-	53	ESF
LYPD1	chr2	132668400	132668537	-	138	CPB
CCNT2	chr2	134945787	134945982	+	196	NPB
CCNT2	chr2	134945889	134945975	+	87	NPB
CCNT2	chr2	134946101	134946465	+	365	NUA
UBXN4	chr2	135753539	135753567	+	29	CPB
DARS1	chr2	135943378	135943480	-	103	ESF
SPOPL	chr2	138554439	138554535	+	97	NPB
GTDC1	chr2	143957195	143957339	-	145	ESF
ZEB2	chr2	144424796	144424953	-	158	NPB
ZEB2	chr2	144464166	144464342	-	177	NPB
ARL5A	chr2	151803007	151803324	-	318	NPB
CACNB4	chr2	151860711	151860820	-	110	CPB
NR4A2	chr2	156326312	156326328	-	17	ESF
PKP4	chr2	158533438	158533534	+	97	NPB
PKP4	chr2	158577271	158577383	+	113	ESF
BAZ2B	chr2	159427941	159428042	-	102	ESF
SLC4A10	chr2	161902028	161902164	+	137	NPB
FAP	chr2	162173055	162173221	-	167	CPB
SCN2A	chr2	165328404	165328538	+	135	NPB
SCN2A	chr2	165357774	165357857	+	84	NPB
SCN1A	chr2	166007230	166007293	-	64	NFS
SCN1A	chr2	166041215	166041469	-	255	NFS
SCN1A	chr2	166056411	166056504	-	94	CPB
SCN9A	chr2	166259206	166259287	-	82	NPB
LRP2	chr2	169140455	169140545	-	91	ESF
PPIG	chr2	169614403	169614493	+	91	NPB
UBR3	chr2	170013841	170013972	+	132	NPB
MYO3B	chr2	170652108	170652154	+	47	CUA
TLK1	chr2	171022872	171023129	-	258	NPB
TLK1	chr2	171081640	171081708	-	69	NPB
METTL8	chr2	171326042	171326148	-	107	ESF
DYNC1I2	chr2	171707287	171707377	+	91	ESF
SLC25A12	chr2	171848173	171848276	-	104	NFS
SLC25A12	chr2	171855834	171855949	-	116	ESF
HAT1	chr2	171965787	171965908	+	122	CPB
HAT1	chr2	171966409	171966513	+	105	CUA
CDCA7	chr2	173359343	173359491	+	149	NPB
SCRN3	chr2	174398366	174398442	+	77	ESF
SCRN3	chr2	174400990	174401189	+	200	ESF
CHN1	chr2	174846880	174846957	-	78	CPB
CHN1	chr2	174875788	174875865	-	78	NPB
CHN1	chr2	174877840	174878128	-	289	CPB
ATF2	chr2	175092543	175092616	-	74	NPB
ATF2	chr2	175130138	175130207	-	70	CFS
LNPK	chr2	175938313	175938383	-	71	ESF
MTX2	chr2	176304241	176304365	+	125	NPB
HNRNPA3	chr2	177219408	177219687	+	280	NUA
HNRNPA3	chr2	177219408	177220085	+	678	NUA
PRKRA	chr2	178443267	178443403	-	137	NPB
PRKRA	chr2	178450242	178450411	-	170	CFS
FKBP7	chr2	178473029	178473142	-	114	NPB
SESTD1	chr2	179116574	179116790	-	217	NPB
SESTD1	chr2	179123715	179123732	-	18	ESF
SESTD1	chr2	179123715	179123829	-	115	CPB
GLS	chr2	190913193	190913364	+	172	NPB
STAT1	chr2	190975310	190975434	-	125	NPB
SF3B1	chr2	197418509	197418588	-	80	CUA
SF3B1	chr2	197418896	197418951	-	56	NPB
SF3B1	chr2	197418896	197419640	-	745	NPB
MOB4	chr2	197523624	197523686	+	63	CFS
CLK1	chr2	200859680	200859746	-	67	ESF
CLK1	chr2	200860125	200860215	-	91	ESF
ALS2	chr2	201741674	201741854	-	181	ESF
NOP58	chr2	202278212	202278329	+	118	NPB
NBEAL1	chr2	203056427	203056508	+	82	ESF
CREB1	chr2	207576631	207576693	+	63	NPB
CCNYL1	chr2	207733947	207734047	+	101	ESF
SPAG16	chr2	213296064	213296128	+	65	NPB
BARD1	chr2	214730411	214730508	-	98	CPB
RETREG2	chr2	219180110	219180245	+	136	ESF
ATG9A	chr2	219226869	219226935	-	67	CFS
SLC4A3	chr2	219633855	219633979	+	125	NPB
SLC4A3	chr2	219633866	219633979	+	114	NPB
EPHA4	chr2	221429958	221430151	-	194	ESF
EPHA4	chr2	221568718	221568785	-	68	ESF
CUL3	chr2	224556295	224556420	-	126	NPB
COPS7B	chr2	231794263	231794351	+	89	CPB
USP40	chr2	233491032	233491071	-	40	NFS
UBE2F	chr2	238016566	238016633	+	68	ESF
UBE2F	chr2	238025342	238025412	+	71	ESF
ASB1	chr2	238433554	238433695	+	142	ESF
NDUFA10	chr2	240014769	240014860	-	92	ESF
TRNT1	chr3	3140510	3140648	+	139	ESF
SETMAR	chr3	4312898	4313229	+	332	ESF
SETD5	chr3	9433370	9433562	+	193	NPB
SETD5	chr3	9434045	9434181	+	137	NUA
SETD5	chr3	9434590	9434630	+	41	NUA
SETD5	chr3	9445045	9445300	+	256	CUA
BRPF1	chr3	9742008	9742171	+	164	NPB
AC022384.1	chr3	10278664	10278760	+	97	NPB
ATP2B2	chr3	10331911	10332037	-	127	NPB
ATP2B2	chr3	10385268	10385327	-	60	ESF
RAF1	chr3	12611950	12612062	-	113	ESF
HDAC11	chr3	13483464	13483564	+	101	ESF
GRIP2	chr3	14503566	14503953	-	388	NPB
HACL1	chr3	15589540	15589612	-	73	ESF
ANKRD28	chr3	15735410	15735497	-	88	CFS
TBC1D5	chr3	17428450	17428519	-	70	ESF
TOP2B	chr3	25618418	25618509	-	92	ESF
CNOT10	chr3	32720114	32720231	+	118	ESF
UBP1	chr3	33396745	33396878	-	134	NPB
ARPP21	chr3	35687739	35687883	+	145	ESF
ARPP21	chr3	35707451	35707541	+	91	NPB
ARPP21	chr3	35721605	35721837	+	233	NPB
STAC	chr3	36443364	36443640	+	277	ESF
MLH1	chr3	37042268	37042331	+	64	ESF
OXSR1	chr3	38193282	38193418	+	137	NPB
WDR48	chr3	39065811	39065889	+	79	ESF
NKTR	chr3	42620016	42620043	+	28	NFS
NKTR	chr3	42621429	42621516	+	88	CPB
SETD2	chr3	47080916	47081083	-	168	NUA
DHX30	chr3	47819236	47819264	+	29	CPB
RBM5	chr3	50100532	50100605	+	74	ESF
NPRL2	chr3	50349386	50349828	-	443	NPB
NPRL2	chr3	50349665	50349828	-	164	CPB
BAP1	chr3	52408474	52408606	-	133	ESF
PBRM1	chr3	52603521	52603732	-	212	ESF
CACNA2D3	chr3	54503492	54503654	+	163	ESF
CACNA2D3	chr3	54879350	54879411	+	62	ESF
DNAH12	chr3	57301735	57301939	-	205	ESF
FLNB	chr3	58141858	58141896	+	39	ESF
UBA3	chr3	69075430	69075510	-	81	ESF
UBA3	chr3	69080112	69080153	-	42	ESF
FOXP1	chr3	70972011	70972180	-	170	CPB
FOXP1	chr3	70977643	70977719	-	77	NUA
FOXP1	chr3	71046942	71047095	-	154	ESF
SHQ1	chr3	72844359	72844423	-	65	CPB
ROBO2	chr3	77564450	77564588	+	139	NPB
TFG	chr3	100747361	100747454	+	94	NPB
PCNP	chr3	101579589	101580004	+	416	NPB
PCNP	chr3	101579842	101580004	+	163	NPB
CD96	chr3	111567523	111567647	+	125	CPB
ABHD10	chr3	111981784	111981967	+	184	ESF
TMEM39A	chr3	119435755	119435935	-	181	NPB
GSK3B	chr3	119905755	119905852	-	98	CPB
GPR156	chr3	120193295	120193424	-	130	ESF
RABL3	chr3	120698423	120698573	-	151	ESF
RABL3	chr3	120709780	120709909	-	130	ESF
EAF2	chr3	121854687	121854823	+	137	ESF
KPNA1	chr3	122457726	122457848	-	123	NPB
KALRN	chr3	124491263	124491424	+	162	NPB
DNAJC13	chr3	132465951	132466070	+	120	NPB
DNAJC13	chr3	132484363	132484493	+	131	NPB
DNAJC13	chr3	132537158	132537266	+	109	NPB
UBA5	chr3	132665984	132666073	+	90	ESF
NPHP3	chr3	132699353	132699450	-	98	ESF
STAG1	chr3	136568765	136568861	-	97	CPB
DBR1	chr3	138171633	138171713	-	81	ESF
PIK3CB	chr3	138698907	138699095	-	189	CFS
PIK3CB	chr3	138707159	138707289	-	131	ESF
SLC25A36	chr3	140966934	140967036	+	103	NPB
SLC25A36	chr3	140967000	140967036	+	37	NPB
ATP1B3	chr3	141916555	141916574	+	20	NUA
XRN1	chr3	142426744	142426841	-	98	ESF
TRPC1	chr3	142736379	142736533	+	155	ESF
U2SURP	chr3	143023975	143024018	+	44	ESF
SLC9A9	chr3	143832019	143832221	-	203	ESF
RNF13	chr3	149895473	149895570	+	98	CFS
TSC22D2	chr3	150438198	150438354	+	157	NPB
EIF2A	chr3	150562542	150562660	+	119	ESF
MBNL1	chr3	152458130	152458193	+	64	CFS
KCNAB1	chr3	156421616	156421659	+	44	ESF
CCNL1	chr3	157151729	157151930	-	202	NPB
CCNL1	chr3	157156936	157157083	-	148	NPB
CCNL1	chr3	157157007	157157083	-	77	NPB
CCNL1	chr3	157157011	157157083	-	73	NPB
RSRC1	chr3	158298039	158298075	+	37	ESF
MFSD1	chr3	158805341	158805474	+	134	CPB
MFSD1	chr3	158805362	158805474	+	113	ESF
IFT80	chr3	160377430	160377565	-	136	NPB
WDR49	chr3	167604301	167604468	-	168	CPB
RPL22L1	chr3	170868013	170868201	-	189	NPB
PLD1	chr3	171737532	171737659	-	128	ESF
PEX5L	chr3	179900670	179900735	-	66	NUA
FXR1	chr3	180975313	180975404	+	92	CFS
DCUN1D1	chr3	182965679	182965753	-	75	NFS
PARL	chr3	183862697	183862801	-	105	NPB
ABCC5	chr3	183971563	183972034	-	472	NPB
ABCC5	chr3	183985304	183985455	-	152	NPB
CLCN2	chr3	184354548	184354714	-	167	ESF
TRA2B	chr3	185931577	185931852	-	276	NPB
ETV5	chr3	186057423	186057491	-	69	ESF
EIF4A2	chr3	186788310	186788416	+	107	NPB
OPA1	chr3	193615674	193615770	+	97	CFS
OPA1	chr3	193617784	193617837	+	54	ESF
OPA1	chr3	193628509	193628616	+	108	NPB
OPA1	chr3	193654862	193655052	+	191	NPB
UBXN7	chr3	196407246	196407393	-	148	ESF
DLG1	chr3	197076586	197076685	-	100	ESF
DLG1	chr3	197149743	197149796	-	54	ESF
DLG1	chr3	197161640	197161738	-	99	ESF
GAK	chr4	904637	904779	-	143	ESF
ADD1	chr4	2926642	2926675	+	34	NPB
RGS12	chr4	3386416	3386437	+	22	ESF
ZBTB49	chr4	4306138	4306184	+	47	ESF
RAB28	chr4	13460699	13460828	-	130	ESF
TAPT1	chr4	16196658	16196723	-	66	NPB
TAPT1	chr4	16213768	16213898	-	131	ESF
LDB2	chr4	16595703	16595875	-	173	CPB
LCORL	chr4	17962970	17963049	-	80	ESF
PPARGC1A	chr4	23824280	23824384	-	105	NPB
SMIM14	chr4	39572415	39572463	-	49	ESF
UBE2K	chr4	39755657	39755739	+	83	ESF
N4BP2	chr4	40100036	40100126	+	91	NPB
TMEM33	chr4	41939196	41939383	+	188	ESF
ATP8A1	chr4	42594289	42594362	-	74	ESF
RUFY3	chr4	70793765	70793904	+	140	NFS
RUFY3	chr4	70793785	70793904	+	120	ESF
GRSF1	chr4	70831539	70831674	-	136	ESF
COX18	chr4	73068029	73068129	-	101	ESF
COX18	chr4	73068029	73068133	-	105	NPB
CDKL2	chr4	75614255	75614449	-	195	ESF
G3BP2	chr4	75653983	75654081	-	99	CUA
PPEF2	chr4	75888214	75888331	-	118	NPB
NUP54	chr4	76136186	76136412	-	227	ESF
HNRNPD	chr4	82354895	82355001	-	107	NUA
HNRNPD	chr4	82356537	82356683	-	147	CFS
HNRNPD	chr4	82371528	82371584	-	57	ESF
HNRNPDL	chr4	82425563	82425667	-	105	NUA
LIN54	chr4	82978883	82979006	-	124	ESF
HPSE	chr4	83310722	83310890	-	169	ESF
MAPK10	chr4	86101894	86102032	-	139	CPB
PDLIM5	chr4	94575943	94576034	+	92	ESF
RAP1GDS1	chr4	98343139	98343319	+	181	NFS
SLC9B1	chr4	102945193	102945320	-	128	ESF
TET2	chr4	105241339	105241429	+	91	ESF
LEF1	chr4	108089125	108089257	-	133	ESF
ALPK1	chr4	112382398	112382552	+	155	ESF
NDST4	chr4	114977187	114977274	-	88	ESF
EXOSC9	chr4	121809967	121810073	+	107	CFS
ABHD18	chr4	128017358	128017501	+	144	CUA
JADE1	chr4	128846375	128846532	+	158	ESF
SLC7A11	chr4	138185121	138185244	-	124	ESF
ZNF330	chr4	141224607	141224677	+	71	ESF
ABCE1	chr4	145110968	145111064	+	97	ESF
ZNF827	chr4	145764975	145765165	-	191	ESF
DCLK2	chr4	150253474	150253556	+	83	NPB
LRBA	chr4	150871345	150871453	-	109	CFS
PDGFC	chr4	156861429	156861489	-	61	NPB
GRIA2	chr4	157360709	157360749	+	41	NPB
GRIA2	chr4	157361010	157361124	+	115	CPB
GRIA2	chr4	157361538	157361652	+	115	CPB
TLL1	chr4	165919834	165919939	+	106	NPB
TLL1	chr4	165992804	165992922	+	119	NPB
FBXO8	chr4	174256027	174256145	-	119	NPB
NEIL3	chr4	177322459	177322580	+	122	ESF
WWC2	chr4	183240183	183240262	+	80	ESF
CCDC110	chr4	185462994	185463049	-	56	ESF
PDLIM3	chr4	185525020	185525171	-	152	ESF
ADCY2	chr5	7789659	7789800	+	142	NPB
OTULIN	chr5	14673642	14673718	+	77	ESF
MTMR12	chr5	32276682	32276742	-	61	ESF
ZFR	chr5	32380075	32380172	-	98	ESF
RAD1	chr5	34913470	34913578	-	109	ESF
PRLR	chr5	35072575	35072744	-	170	ESF
SLC1A3	chr5	36629943	36630044	+	102	NPB
FYB1	chr5	39125972	39126135	-	164	NPB
ZNF131	chr5	43161249	43161613	+	365	NFS
PARP8	chr5	50668071	50668125	+	55	ESF
PARP8	chr5	50760292	50760362	+	71	ESF
SLC38A9	chr5	55633695	55633808	-	114	NPB
SLC38A9	chr5	55672563	55672695	-	133	ESF
SETD9	chr5	56911169	56911536	+	368	ESF
ERCC8	chr5	60903567	60903716	-	150	NPB
ERCC8	chr5	60922054	60922155	-	102	CPB
IPO11	chr5	62578704	62578935	+	232	NPB
ADAMTS6	chr5	65452133	65452221	-	89	NPB
SREK1	chr5	66158809	66158932	+	124	CPB
MAST4	chr5	67102507	67102611	+	105	NPB
GTF2H2C	chr5	69566589	69566625	+	37	ESF
GTF2H2C	chr5	69567727	69567777	+	51	ESF
GTF2H2	chr5	71061272	71061308	-	37	ESF
TNPO1	chr5	72848385	72848498	+	114	CFS
TNPO1	chr5	72900151	72900224	+	74	NPB
FAM169A	chr5	74834426	74834597	-	172	ESF
CERT1	chr5	75425270	75425499	-	230	NPB
CERT1	chr5	75425292	75425499	-	208	NPB
POLK	chr5	75593966	75594049	+	84	NPB
TMEM161B	chr5	88205754	88205954	-	201	NPB
CETN3	chr5	90405689	90405799	-	111	NFS
ADGRV1	chr5	90679549	90679629	+	81	ESF
CHD1	chr5	98863408	98863586	-	179	ESF
GIN1	chr5	103106716	103106909	-	194	ESF
FER	chr5	108832770	108832943	+	174	ESF
CAMK4	chr5	111374850	111374912	+	63	ESF
APC	chr5	112754873	112755025	+	153	CPB
APC	chr5	112827108	112827247	+	140	ESF
REEP5	chr5	112892450	112892817	-	368	NPB
YTHDC2	chr5	113524981	113525177	+	197	ESF
AP3S1	chr5	115906821	115906861	+	41	NPB
SNX2	chr5	122799692	122799855	+	164	ESF
SNX24	chr5	122965443	122965521	+	79	NPB
PRDM6	chr5	123155884	123156011	+	128	ESF
ADAMTS19	chr5	129526284	129526515	+	232	NPB
ACSL6	chr5	131974893	131975060	-	168	NPB
ACSL6	chr5	131974893	131975250	-	358	NPB
RAD50	chr5	132591224	132591406	+	183	NFS
UBE2B	chr5	134376669	134376694	+	26	ESF
DDX46	chr5	134782945	134783065	+	121	ESF
DDX46	chr5	134790106	134790222	+	117	NPB
TRPC7	chr5	136274657	136274837	-	181	NPB
KLHL3	chr5	137677545	137677649	-	105	CPB
BRD8	chr5	138157642	138157894	-	253	NPB
BRD8	chr5	138163587	138163643	-	57	NPB
BRD8	chr5	138168470	138168688	-	219	ESF
KDM3B	chr5	138391013	138392261	+	1249	ESF
HSPA9	chr5	138574068	138574126	-	59	ESF
CTNNA1	chr5	138783177	138783372	+	196	ESF
NRG2	chr5	139859889	139859912	-	24	ESF
ZMAT2	chr5	140703918	140704004	+	87	NFS
RNF14	chr5	141974804	141974955	+	152	ESF
TCERG1	chr5	146468341	146468403	+	63	CFS
TCERG1	chr5	146510067	146510160	+	94	NPB
CSNK1A1	chr5	149513070	149513209	-	140	CFS
HMGXB3	chr5	150036636	150036937	+	302	ESF
CAMK2A	chr5	150231305	150231380	-	76	ESF
ADAM19	chr5	157513424	157513505	-	82	NFS
RARS1	chr5	168493894	168494002	+	109	ESF
RANBP17	chr5	171028872	171028989	+	118	NPB
FBXW11	chr5	171996890	171997051	-	162	NPB
CPEB4	chr5	173942884	173943049	+	166	NPB
ZNF346	chr5	177044389	177044533	+	145	ESF
CLK4	chr5	178617344	178617434	-	91	ESF
CLK4	chr5	178622393	178622459	-	67	NUA
HNRNPH1	chr5	179619269	179619407	-	139	ESF
MGAT4B	chr5	179800907	179800953	-	47	CPB
PRPF4B	chr6	4061015	4061147	+	133	NUA
PRPF4B	chr6	4061655	4061700	+	46	NUA
PRPF4B	chr6	4062213	4062299	+	87	NUA
PRPF4B	chr6	4062557	4062633	+	77	NUA
PRPF4B	chr6	4063074	4063119	+	46	NUA
SNRNP48	chr6	7599673	7599680	+	8	NFS
EEF1E1-BLOC1S5	chr6	8062534	8062616	-	83	CPB
TFAP2A	chr6	10406793	10406844	-	52	CPB
RBM24	chr6	17285053	17285165	+	113	NPB
DEK	chr6	18244508	18244603	-	96	NPB
CARMIL1	chr6	25612377	25612401	+	25	NPB
GABBR1	chr6	29629087	29629247	-	161	NPB
GABBR1	chr6	29630458	29630643	-	186	ESF
BRD2	chr6	32975021	32975112	+	92	NFS
BRD2	chr6	32977417	32977570	+	154	NPB
SYNGAP1	chr6	33447843	33447933	+	91	ESF
BAK1	chr6	33574506	33574525	-	20	NFS
GRM4	chr6	34091883	34092099	-	217	ESF
BRPF3	chr6	36210201	36210528	+	328	NPB
BRPF3	chr6	36225271	36225364	+	94	NPB
KCTD20	chr6	36479121	36479223	+	103	CFS
SRSF3	chr6	36599821	36600276	+	456	NPB
USP49	chr6	41803806	41804010	-	205	ESF
CUL9	chr6	43206321	43206510	+	190	ESF
XPO5	chr6	43573398	43573601	-	204	NPB
RUNX2	chr6	45422593	45422957	+	365	ESF
RUNX2	chr6	45513450	45513653	+	204	NPB
PHF3	chr6	63678828	63679020	+	193	NPB
SENP6	chr6	75702645	75703072	+	428	ESF
MYO6	chr6	75867431	75867523	+	93	NPB
SNX14	chr6	85557976	85558060	-	85	ESF
SNX14	chr6	85567534	85567577	-	44	ESF
SNX14	chr6	85572298	85572371	-	74	CPB
SNX14	chr6	85572298	85572374	-	77	CPB
SNX14	chr6	85574258	85574378	-	121	CFS
SYNCRIP	chr6	85612832	85612923	-	92	CPB
SRSF12	chr6	89106681	89107024	-	344	NPB
SRSF12	chr6	89106681	89107027	-	347	NPB
PNISR	chr6	99403829	99404702	-	874	NPB
CCNC	chr6	99561367	99561436	-	70	CPB
CCNC	chr6	99561597	99561681	-	85	CFS
ASCC3	chr6	100864064	100864214	-	151	ESF
HACE1	chr6	104777013	104777097	-	85	NPB
AFG1L	chr6	108401996	108402054	+	59	ESF
CDK19	chr6	110638649	110638706	-	58	ESF
RPF2	chr6	110989028	110989065	+	38	ESF
REV3L	chr6	111358822	111359014	-	193	ESF
TUBE1	chr6	112084189	112084246	-	58	ESF
NKAIN2	chr6	124819086	124819174	+	89	NPB
HDDC2	chr6	125298650	125298816	-	167	ESF
SOGA3	chr6	127473080	127473391	-	312	NPB
PTPRK	chr6	127999989	128000330	-	342	NUA
ENPP1	chr6	131864892	131864938	+	47	NPB
SLC18B1	chr6	132796982	132797121	-	140	CFS
MYB	chr6	135185903	135186020	+	118	CFS
BCLAF1	chr6	136269141	136269303	-	163	NPB
BCLAF1	chr6	136273963	136274189	-	227	NPB
REPS1	chr6	138934225	138934326	-	102	NPB
REPS1	chr6	138943853	138944015	-	163	ESF
REPS1	chr6	138943893	138944015	-	123	PESF
REPS1	chr6	138944498	138944622	-	125	PESF
AL049844.3	chr6	143884304	143884365	+	62	CPB
EPM2A	chr6	145686122	145686296	-	175	CPB
NUP43	chr6	149738643	149738778	-	136	ESF
PCMT1	chr6	149772014	149772247	+	234	NPB
RMND1	chr6	151422541	151422605	-	65	ESF
ZDHHC14	chr6	157628349	157628374	+	26	NFS
TULP4	chr6	158489588	158489732	+	145	ESF
QKI	chr6	163455279	163455421	+	143	ESF
QKI	chr6	163565946	163566795	+	850	NPB
PDE10A	chr6	165418353	165418551	-	199	NPB
PDE10A	chr6	165450242	165450362	-	121	CPB
ACTB	chr7	5529019	5529059	-	41	NPB
PHF14	chr7	10982372	10983159	+	788	ESF
BZW2	chr7	16685905	16686040	+	136	ESF
BZW2	chr7	16685924	16686040	+	117	CPB
TMEM196	chr7	19724280	19724351	-	72	CPB
SP4	chr7	21428677	21428792	+	116	CFS
IGF2BP3	chr7	23418776	23418824	-	49	ESF
TRA2A	chr7	23522132	23522432	-	301	CPB
TRA2A	chr7	23522354	23522432	-	79	NFS
OSBPL3	chr7	24834087	24834736	-	650	NPB
HNRNPA2B1	chr7	26190125	26190460	-	336	NUA
HNRNPA2B1	chr7	26190132	26190456	-	325	NUA
HNRNPA2B1	chr7	26190149	26191650	-	1502	NUA
HNRNPA2B1	chr7	26190396	26190483	-	88	NUA
HNRNPA2B1	chr7	26190993	26191128	-	136	NUA
HNRNPA2B1	chr7	26190993	26191650	-	658	NUA
HNRNPA2B1	chr7	26190993	26192338	-	1346	NUA
HNRNPA2B1	chr7	26191056	26191128	-	73	NUA
HNRNPA2B1	chr7	26191056	26191650	-	595	NUA
HNRNPA2B1	chr7	26191422	26191650	-	229	NUA
HNRNPA2B1	chr7	26191844	26192338	-	495	CUA
HIBADH	chr7	27649473	27649633	-	161	ESF
GGCT	chr7	30500536	30500681	-	146	ESF
BMPER	chr7	34046306	34046405	+	100	ESF
BMPER	chr7	34078857	34079186	+	330	CPB
POU6F2	chr7	39451533	39451701	+	169	ESF
SUGCT	chr7	40180947	40180998	+	52	ESF
PSMA2	chr7	42927383	42927459	-	77	ESF
PHKG1	chr7	56086970	56087024	-	55	ESF
GUSB	chr7	65979727	65979911	-	185	ESF
AUTS2	chr7	70093232	70093303	+	72	NPB
GTF2IRD2B	chr7	75126342	75126385	+	44	ESF
PCLO	chr7	82848868	82848921	-	54	NPB
DMTF1	chr7	87182017	87182337	+	321	NPB
DMTF1	chr7	87182056	87182337	+	282	NPB
DMTF1	chr7	87188198	87188301	+	104	NPB
ABCB4	chr7	87451623	87451810	-	188	NPB
GTPBP10	chr7	90355086	90355230	+	145	ESF
PEX1	chr7	92509329	92509411	-	83	ESF
FAM133B	chr7	92577655	92577676	-	22	NPB
SGCE	chr7	94599327	94599400	-	74	NPB
SGCE	chr7	94603290	94603452	-	163	CFS
SGCE	chr7	94629719	94629841	-	123	CPB
PON2	chr7	95406119	95406272	-	154	NPB
GPC2	chr7	100175572	100175894	-	323	ESF
SRRT	chr7	100882458	100883090	+	633	NUA
SRRT	chr7	100882765	100883090	+	326	NUA
FIS1	chr7	101244007	101244139	-	133	ESF
SLC26A5	chr7	103389329	103389424	-	96	ESF
SLC26A5	chr7	103390429	103390506	-	78	ESF
RELN	chr7	103482200	103482270	-	71	NFS
KMT2E	chr7	105064028	105064116	+	89	NPB
SRPK2	chr7	105117367	105117511	-	145	NUA
CDHR3	chr7	106001462	106001610	+	149	CPB
DUS4L	chr7	107573704	107573821	+	118	ESF
DLD	chr7	107901738	107901817	+	80	ESF
DOCK4	chr7	111784097	111784123	-	27	ESF
ZNF277	chr7	112295869	112295957	+	89	ESF
FOXP2	chr7	114538326	114538383	+	58	NPB
ASZ1	chr7	117385698	117385809	-	112	ESF
CFTR	chr7	117611581	117611808	+	228	CFS
GRM8	chr7	127106496	127106712	-	217	CFS
MKLN1	chr7	131399238	131399433	+	196	NPB
CALD1	chr7	134962820	134962934	+	115	NPB
LUC7L2	chr7	139374401	139374471	+	71	CFS
LUC7L2	chr7	139375509	139375583	+	75	NPB
BRAF	chr7	140754187	140754233	-	47	ESF
BRAF	chr7	140800362	140800462	-	101	NPB
AGK	chr7	141593146	141593185	+	40	ESF
EZH2	chr7	148818978	148819059	-	82	NPB
EZH2	chr7	148836822	148837000	-	179	NFS
PRKAG2	chr7	151566614	151566699	-	86	NFS
GALNT11	chr7	152100798	152100921	+	124	ESF
LMBR1	chr7	156836809	156836885	-	77	NFS
AGPAT5	chr8	6724870	6724939	+	70	ESF
XKR6	chr8	11113872	11114092	-	221	NPB
ASAH1	chr8	18071300	18071390	-	91	CPB
INTS10	chr8	19819573	19819676	+	104	ESF
INTS10	chr8	19845697	19845797	+	101	CPB
BMP1	chr8	22176924	22177139	+	216	NPB
KCTD9	chr8	25444292	25444335	-	44	ESF
BNIP3L	chr8	26395230	26395302	+	73	ESF
CCDC25	chr8	27752512	27752587	-	76	CFS
INTS9	chr8	28846747	28846809	-	63	ESF
INTS9	chr8	28850213	28850273	-	61	ESF
INTS9	chr8	28859436	28859563	-	128	CFS
SARAF	chr8	30069642	30070059	-	418	CPB
SARAF	chr8	30073877	30074051	-	175	CPB
DCTN6	chr8	30175085	30175190	+	106	ESF
NSD3	chr8	38316416	38318038	-	1623	NPB
LETM2	chr8	38394183	38394241	+	59	NPB
FGFR1	chr8	38421797	38421941	-	145	ESF
ADAM9	chr8	39082968	39083073	+	106	ESF
ANK1	chr8	41672354	41672529	-	176	NPB
IKBKB	chr8	42306368	42306432	+	65	NUA
POLB	chr8	42350007	42350065	+	59	ESF
VDAC3	chr8	42399651	42399703	+	53	ESF
SNTG1	chr8	50704574	50704752	+	179	NPB
RB1CC1	chr8	52660596	52660657	-	62	ESF
TMEM68	chr8	55745061	55745121	-	61	ESF
CHD7	chr8	60781000	60781430	+	431	ESF
CPA6	chr8	67517923	67518047	-	125	ESF
SLCO5A1	chr8	69761743	69761875	-	133	ESF
NCOA2	chr8	70148273	70148483	-	211	CFS
UBE2W	chr8	73830381	73830472	-	92	CFS
GDAP1	chr8	74351274	74351321	+	48	NFS
GDAP1	chr8	74351274	74351466	+	193	CFS
ZFHX4	chr8	76782143	76782218	+	76	NFS
IMPA1	chr8	81676234	81676279	-	46	ESF
PIP4P2	chr8	91008743	91008795	-	53	ESF
RUNX1T1	chr8	91994487	91994623	-	137	NPB
RUNX1T1	chr8	92017226	92017431	-	206	CPB
RUNX1T1	chr8	92062546	92062709	-	164	CPB
TMEM67	chr8	93797109	93797233	+	125	NPB
RAD54B	chr8	94432611	94432656	-	46	CFS
DPY19L4	chr8	94781084	94781166	+	83	ESF
INTS8	chr8	94838494	94838618	+	125	NPB
NDUFAF6	chr8	95031995	95032098	+	104	CFS
STK3	chr8	98749276	98749390	-	115	ESF
VPS13B	chr8	99507770	99507911	+	142	ESF
PABPC1	chr8	100702968	100703024	-	57	CUA
RRM2B	chr8	102232149	102232304	-	156	CPB
AZIN1	chr8	102836256	102836541	-	286	NPB
SLC25A32	chr8	103403164	103403324	-	161	ESF
OXR1	chr8	106737520	106737600	+	81	ESF
NUDCD1	chr8	109322309	109322463	-	155	ESF
ENY2	chr8	109340444	109340563	+	120	NPB
EXT1	chr8	117837108	117837201	-	94	ESF
ENPP2	chr8	119618150	119618323	-	174	NPB
MTBP	chr8	120463687	120463761	+	75	NPB
WDYHV1	chr8	123427924	123428023	+	100	CPB
TATDN1	chr8	124518818	124518881	-	64	CFS
TATDN1	chr8	124522937	124523002	-	66	CFS
PHF20L1	chr8	132804581	132804740	+	160	NPB
PHF20L1	chr8	132814636	132814889	+	254	CUA
PHF20L1	chr8	132825035	132825157	+	123	NPB
PTK2	chr8	140800459	140800576	-	118	CFS
PTK2	chr8	140879471	140879637	-	167	ESF
ADGRB1	chr8	142526542	142526627	+	86	ESF
VLDLR	chr9	2644957	2645078	+	122	NFS
VLDLR	chr9	2646399	2646552	+	154	NPB
GLIS3	chr9	4125734	4125941	-	208	ESF
RIC1	chr9	5765414	5765572	+	159	ESF
FREM1	chr9	14750127	14750276	-	150	ESF
FREM1	chr9	14788919	14789114	-	196	ESF
ADAMTSL1	chr9	18829843	18829977	+	135	NFS
DENND4C	chr9	19337601	19337672	+	72	NUA
APTX	chr9	32988079	32988124	-	46	NPB
APTX	chr9	32988092	32988124	-	33	NPB
VCP	chr9	35060801	35060941	-	141	NPB
VCP	chr9	35066675	35066817	-	143	ESF
STOML2	chr9	35100598	35101011	-	414	NPB
CLTA	chr9	36198979	36199096	+	118	ESF
FBXO10	chr9	37525102	37525172	-	71	ESF
ZNF658	chr9	41170279	41170423	+	145	NPB
CBWD3	chr9	65694905	65695049	+	145	NPB
CBWD3	chr9	68260857	68261001	+	145	NPB
TMC1	chr9	72816143	72816210	+	68	ESF
HNRNPK	chr9	83975462	83975505	-	44	ESF
TUT7	chr9	86326371	86326491	-	121	NPB
IARS1	chr9	92286536	92286618	-	83	ESF
NOL8	chr9	92321668	92321746	-	79	CFS
FAM120A	chr9	93532155	93532329	+	175	CUA
PTCH1	chr9	95485685	95485874	-	190	CPB
NCBP1	chr9	97643204	97643360	+	157	ESF
DNAJC25	chr9	111642839	111643094	+	256	NPB
DNAJC25	chr9	111642857	111643094	+	238	NPB
WDR31	chr9	113330984	113331116	-	133	ESF
COL27A1	chr9	114231822	114231858	+	37	NFS
PSMD5	chr9	120833312	120833456	-	145	ESF
RABGAP1	chr9	122984485	122984719	+	235	ESF
STRBP	chr9	123122193	123122326	-	134	NUA
STRBP	chr9	123173677	123173834	-	158	NPB
GOLGA1	chr9	124921712	124921892	-	181	NFS
SCAI	chr9	124975247	124975389	-	143	NPB
GARNL3	chr9	127264952	127265021	+	70	ESF
GARNL3	chr9	127348924	127349035	+	112	ESF
NUP214	chr9	131228160	131228331	+	172	CFS
TSC1	chr9	132903651	132903817	-	167	ESF
TSC1	chr9	132904411	132904454	-	44	ESF
TSC1	chr9	132927201	132927304	-	104	ESF
CELF2	chr10	11217425	11217507	+	83	ESF
CELF2	chr10	11266598	11266677	+	80	ESF
CELF2	chr10	11330456	11330639	+	184	NUA
CELF2	chr10	11330456	11330658	+	203	NUA
CELF2	chr10	11330456	11331186	+	731	NUA
CELF2	chr10	11330456	11331277	+	822	NUA
CELF2	chr10	11330456	11334358	+	3903	NUA
HACD1	chr10	17599290	17599411	-	122	ESF
CACNB2	chr10	18506471	18506547	+	77	ESF
DNAJC1	chr10	21928506	21928552	-	47	ESF
COMMD3-BMI1	chr10	22317884	22317995	+	112	ESF
ARHGAP21	chr10	24590206	24590479	-	274	NPB
ARHGAP21	chr10	24590454	24590550	-	97	NPB
MYO3A	chr10	26120676	26120802	+	127	ESF
ACBD5	chr10	27231748	27231820	-	73	CPB
RAB18	chr10	27526828	27526889	+	62	ESF
RAB18	chr10	27533735	27533853	+	119	CPB
WAC	chr10	28610711	28610821	+	111	ESF
ZEB1	chr10	31373018	31373173	+	156	NPB
EPC1	chr10	32273922	32274038	-	117	NPB
ITGB1	chr10	32907064	32907143	-	80	NPB
ARHGAP22	chr10	48479636	48479764	-	129	CFS
WASHC2A	chr10	50078675	50078692	+	18	NFS
PCDH15	chr10	54236823	54236931	-	109	ESF
ANK3	chr10	60068649	60068869	-	221	NPB
REEP3	chr10	63599670	63599712	+	43	NPB
CTNNA3	chr10	67539503	67539669	-	167	ESF
HERC4	chr10	68044404	68044563	-	160	ESF
HNRNPH3	chr10	68337858	68337996	+	139	ESF
CCAR1	chr10	68756273	68756483	+	211	ESF
CCAR1	chr10	68756526	68756632	+	107	NPB
DDX50	chr10	68906226	68906337	+	112	NPB
DDX50	chr10	68906284	68906337	+	54	NPB
COL13A1	chr10	69931160	69931256	+	97	NPB
DDIT4	chr10	72275900	72275998	+	99	NUA
MCU	chr10	72715111	72715226	+	116	NPB
MCU	chr10	72715854	72715902	+	49	NPB
FAM149B1	chr10	73232939	73233197	+	259	NPB
USP54	chr10	73520908	73521027	-	120	ESF
KAT6B	chr10	74975399	74975781	+	383	NFS
KAT6B	chr10	74975399	74976330	+	932	NFS
KCNMA1	chr10	77108481	77108572	-	92	ESF
KCNMA1	chr10	77184823	77184916	-	94	ESF
KCNMA1	chr10	77403862	77404023	-	162	CFS
GRID1	chr10	85619867	85620033	-	167	ESF
HECTD2	chr10	91487682	91487778	+	97	CUA
MYOF	chr10	93341913	93341969	-	57	NFS
SORBS1	chr10	95395001	95395075	-	75	PESF
SORBS1	chr10	95414493	95414655	-	163	PESF
LCOR	chr10	96833406	96833479	+	74	ESF
LCOR	chr10	96949008	96949295	+	288	CPB
ARHGAP19-SLIT1	chr10	97163380	97163451	-	72	CPB
MMS19	chr10	97484103	97484151	-	49	ESF
CWF19L1	chr10	100243698	100243772	-	75	CUA
CWF19L1	chr10	100260966	100261028	-	63	NFS
SLF2	chr10	100925405	100925481	+	77	NPB
TWNK	chr10	100989775	100989884	+	110	NPB
DPCD	chr10	101608867	101608902	+	36	NPB
GBF1	chr10	102314808	102314860	+	53	NPB
GBF1	chr10	102314811	102314860	+	50	NPB
GBF1	chr10	102352458	102352518	+	61	ESF
GBF1	chr10	102360184	102360395	+	212	ESF
GBF1	chr10	102367481	102367560	+	80	NPB
GBF1	chr10	102369715	102369775	+	61	NFS
GBF1	chr10	102375359	102375584	+	226	ESF
NT5C2	chr10	103100752	103100943	-	192	NPB
NT5C2	chr10	103100752	103100964	-	213	NPB
NT5C2	chr10	103111693	103111805	-	113	NPB
NT5C2	chr10	103111745	103111805	-	61	NPB
MXI1	chr10	110244828	110244873	+	46	NPB
MXI1	chr10	110285642	110286477	+	836	NUA
SMNDC1	chr10	110298648	110298810	-	163	NPB
SMNDC1	chr10	110300547	110300736	-	190	NFS
TCF7L2	chr10	113158667	113158717	+	51	ESF
TCF7L2	chr10	113159920	113159992	+	73	CFS
TCF7L2	chr10	113160619	113160691	+	73	CPB
NRAP	chr10	113617455	113617553	-	99	NFS
TIAL1	chr10	119580471	119580846	-	376	NPB
TIAL1	chr10	119593448	119593513	-	66	NPB
FGFR2	chr10	121517319	121517463	-	145	CFS
FGFR2	chr10	121517467	121517472	-	6	CFS
FGFR2	chr10	121565438	121565704	-	267	ESF
PLEKHA1	chr10	122428276	122428420	+	145	NPB
EEF1AKMT2	chr10	124789039	124789157	-	119	CFS
PTPRE	chr10	128060939	128061015	+	77	ESF
NUP98	chr11	3686064	3686194	-	131	NFS
NUP98	chr11	3760388	3760626	-	239	NPB
SYT9	chr11	7313395	7313941	+	547	ESF
DENND5A	chr11	9147030	9147151	-	122	ESF
DENND5A	chr11	9170627	9170777	-	151	ESF
DENND5A	chr11	9207561	9207632	-	72	ESF
TMEM41B	chr11	9288442	9288542	-	101	NFS
ZNF143	chr11	9473777	9473849	+	73	NPB
SBF2	chr11	9828596	9828632	-	37	NPB
MRVI1	chr11	10652025	10652182	-	158	ESF
BTBD10	chr11	13421642	13421838	-	197	CFS
NUCB2	chr11	17311185	17311283	+	99	NPB
KCNC1	chr11	17779456	17779644	+	189	CPB
SAAL1	chr11	18092245	18092324	-	80	CFS
SLC6A5	chr11	20604286	20604424	+	139	ESF
GAS2	chr11	22731331	22731396	+	66	NPB
MPPED2	chr11	30504736	30504833	-	98	NPB
DNAJC24	chr11	31421972	31422132	+	161	NPB
ELP4	chr11	31628239	31628419	+	181	NPB
PAX6	chr11	31801561	31801776	-	216	ESF
HSD17B12	chr11	43750911	43750957	+	47	ESF
TP53I11	chr11	44937555	44937613	-	59	ESF
C11orf49	chr11	46948026	46948164	+	139	NFS
ARFGAP2	chr11	47175851	47175923	-	73	ESF
DDB2	chr11	47232814	47232959	+	146	ESF
DDB2	chr11	47234757	47234934	+	178	ESF
CELF1	chr11	47468284	47468891	-	608	NUA
CELF1	chr11	47468393	47468891	-	499	NUA
CELF1	chr11	47468814	47468891	-	78	NUA
SLC43A1	chr11	57497753	57497845	-	93	ESF
TMX2	chr11	57737913	57738026	+	114	ESF
CTNND1	chr11	57789037	57789155	+	119	CPB
VWCE	chr11	61291264	61291576	-	313	NFS
CPSF7	chr11	61420470	61420573	-	104	ESF
CPSF7	chr11	61421192	61421257	-	66	NPB
SYT7	chr11	61546535	61546659	-	125	NPB
STX5	chr11	62827561	62827631	-	71	ESF
SF1	chr11	64773430	64773505	-	76	ESF
SF1	chr11	64776498	64776626	-	129	CFS
SYVN1	chr11	65132248	65132351	-	104	ESF
CNIH2	chr11	66282259	66282353	+	95	NFS
NPAS4	chr11	66423123	66423232	+	110	ESF
RBM4B	chr11	66666272	66666493	-	222	NUA
RCE1	chr11	66843960	66844039	+	80	CPB
NDUFV1	chr11	67611897	67611978	+	82	ESF
KMT5B	chr11	68171232	68171296	-	65	NPB
PPP6R3	chr11	68609473	68609628	+	156	NPB
PPFIA1	chr11	70333022	70333096	+	75	NFS
RNF121	chr11	71982761	71982915	+	155	ESF
RNF121	chr11	71982807	71982915	+	109	NPB
LAMTOR1	chr11	72099111	72099238	-	128	NFS
RAB6A	chr11	73718613	73718718	-	106	ESF
RAB6A	chr11	73718785	73718890	-	106	ESF
RPS3	chr11	75402352	75402379	+	28	ESF
THAP12	chr11	76364338	76364432	-	95	NPB
EMSY	chr11	76454749	76454790	+	42	CUA
ACER3	chr11	76958979	76959031	+	53	ESF
CLNS1A	chr11	77629763	77629899	-	137	ESF
NARS2	chr11	78528842	78528936	-	95	CFS
CREBZF	chr11	85660335	85661749	-	1415	NUA
CREBZF	chr11	85661637	85661749	-	113	NUA
CREBZF	chr11	85662389	85662457	-	69	CUA
CREBZF	chr11	85663524	85663601	-	78	CPB
CTSC	chr11	88328112	88328196	-	85	CPB
NAALAD2	chr11	90158145	90158238	+	94	ESF
SRSF8	chr11	95068655	95069088	+	434	NUA
FAM76B	chr11	95779078	95779135	-	58	NPB
CEP57	chr11	95812952	95813111	+	160	NPB
CEP126	chr11	101956868	101956943	+	76	NPB
DCUN1D5	chr11	103089227	103089318	-	92	CPB
GRIA4	chr11	105971914	105972028	+	115	CPB
AASDHPPT	chr11	106090557	106090678	+	122	ESF
ALKBH8	chr11	107549753	107549823	-	71	ESF
C11orf53	chr11	111281398	111281440	+	43	ESF
PPP2R1B	chr11	111761119	111761291	-	173	NPB
USP28	chr11	113828844	113828920	-	77	NPB
USP28	chr11	113830867	113830946	-	80	NPB
REXO2	chr11	114443856	114443933	+	78	ESF
REXO2	chr11	114444541	114444652	+	112	ESF
TBRG1	chr11	124626473	124626609	+	137	ESF
MSANTD2	chr11	124774719	124774831	-	113	CFS
EI24	chr11	125575309	125575408	+	100	NPB
ERC1	chr12	1112215	1112298	+	84	ESF
ERC1	chr12	1263034	1263165	+	132	ESF
CACNA1C	chr12	2504436	2504539	+	104	ESF
CACNA1C	chr12	2504842	2504945	+	104	ESF
C12orf4	chr12	4518774	4518880	-	107	ESF
NCAPD2	chr12	6510075	6510133	+	59	ESF
CHD4	chr12	6583198	6583378	-	181	CFS
ING4	chr12	6653230	6653396	-	167	ESF
LPCAT3	chr12	6981595	6981632	-	38	ESF
PHC1	chr12	8922633	8922656	+	24	NFS
PLEKHA5	chr12	19314765	19314894	+	130	NPB
GOLT1B	chr12	21515238	21515270	+	33	NPB
C2CD5	chr12	22519115	22519239	-	125	ESF
SOX5	chr12	23895793	23896024	-	232	CFS
ITPR2	chr12	26790157	26790227	-	71	ESF
IPO8	chr12	30690496	30690548	-	53	NPB
DNM1L	chr12	32705825	32705863	+	39	PESF
YAF2	chr12	42210548	42210680	-	133	NPB
PPHLN1	chr12	42351885	42352049	+	165	ESF
TMEM117	chr12	44143525	44143624	+	100	ESF
SENP1	chr12	48089163	48089293	-	131	NFS
KANSL2	chr12	48662560	48662654	-	95	NPB
KANSL2	chr12	48679036	48679150	-	115	ESF
CCNT1	chr12	48695999	48696162	-	164	ESF
KMT2D	chr12	49021704	49021872	-	169	NPB
RHEBL1	chr12	49066968	49067035	-	68	ESF
LIMA1	chr12	50185390	50185448	-	59	NPB
LETMD1	chr12	51052088	51052207	+	120	NPB
LETMD1	chr12	51052092	51052207	+	116	ESF
POU6F1	chr12	51198550	51198686	-	137	NFS
GALNT6	chr12	51360721	51360838	-	118	ESF
SCN8A	chr12	51780202	51780271	+	70	NPB
KRT4	chr12	52813597	52813728	-	132	NPB
PCBP2	chr12	53462493	53462567	+	75	CPB
PCBP2	chr12	53464760	53464852	+	93	CUA
HNRNPA1	chr12	54283062	54283234	+	173	NPB
HNRNPA1	chr12	54284518	54284601	+	84	NUA
HNRNPA1	chr12	54284549	54284881	+	333	NUA
HNRNPA1	chr12	54285951	54286112	+	162	NUA
HNRNPA1	chr12	54285974	54286112	+	139	NUA
HNRNPA1	chr12	54285985	54286112	+	128	NUA
SARNP	chr12	55752580	55752840	-	261	NUA
IKZF4	chr12	56023671	56023764	+	94	ESF
GLS2	chr12	56479052	56479147	-	96	ESF
NEMP1	chr12	57070674	57070893	-	220	ESF
STAC3	chr12	57245145	57245211	-	67	ESF
AC137834.1	chr12	57283824	57284056	-	233	CPB
MBD6	chr12	57529611	57529674	+	64	NUA
MBD6	chr12	57529934	57530143	+	210	NUA
MBD6	chr12	57529934	57530146	+	213	NUA
DCTN2	chr12	57546028	57546091	-	64	NFS
TAFA2	chr12	61720687	61720924	-	238	NPB
DPY19L2	chr12	63663758	63663845	-	88	ESF
MSRB3	chr12	65308529	65308655	+	127	CPB
HELB	chr12	66313986	66314163	+	178	ESF
NUP107	chr12	68725727	68725796	+	70	ESF
MDM2	chr12	68816812	68816945	+	134	ESF
CPSF6	chr12	69269512	69269939	+	428	NUA
CNOT2	chr12	70310895	70311017	+	123	CFS
CNOT2	chr12	70344111	70344228	+	118	NPB
ZFC3H1	chr12	71611058	71611887	-	830	NPB
TBC1D15	chr12	71880469	71880607	+	139	ESF
TBC1D15	chr12	71884811	71885021	+	211	ESF
KCNC2	chr12	75042280	75042374	-	95	NPB
KCNC2	chr12	75049885	75049988	-	104	NFS
CAPS2	chr12	75312848	75312915	-	68	CPB
ZDHHC17	chr12	76815898	76816019	+	122	NPB
ZDHHC17	chr12	76821058	76821167	+	110	NUA
E2F7	chr12	77044246	77044269	-	24	NPB
PPP1R12A	chr12	79779321	79779351	-	31	NFS
PPP1R12A	chr12	79779339	79779351	-	13	CFS
LIN7A	chr12	80848099	80848175	-	77	NPB
NR2C1	chr12	95040476	95040597	-	122	CPB
METAP2	chr12	95485948	95485981	+	34	ESF
HAL	chr12	95993772	95993838	-	67	ESF
SLC25A3	chr12	98595433	98595661	+	229	NPB
ANKS1B	chr12	98781117	98781223	-	107	NPB
UHRF1BP1L	chr12	100128580	100128725	-	146	NPB
NR1H4	chr12	100536507	100536610	+	104	NPB
ANO4	chr12	100974783	100974889	+	107	NPB
CHPT1	chr12	101719490	101719516	+	27	NPB
DRAM1	chr12	101908186	101908363	+	178	ESF
NFYB	chr12	104126114	104126244	-	131	ESF
APPL2	chr12	105199373	105199524	-	152	NPB
RIC8B	chr12	106874480	106874520	+	41	CPB
RIC8B	chr12	106874481	106874567	+	87	CPB
RIC8B	chr12	106878987	106879125	+	139	NUA
RIC8B	chr12	106879775	106879947	+	173	NUA
SART3	chr12	108544427	108544478	-	52	ESF
SSH1	chr12	108802322	108802368	-	47	ESF
SSH1	chr12	108823258	108823361	-	104	ESF
ANAPC7	chr12	110396266	110396452	-	187	ESF
ATXN2	chr12	111453677	111453845	-	169	CUA
ATXN2	chr12	111554158	111554217	-	60	CFS
NAA25	chr12	112049483	112049611	-	129	NUA
SRRM4	chr12	119144539	119144554	+	16	NFS
BICDL1	chr12	120090911	120091019	+	109	NPB
SRSF9	chr12	120464733	120464822	-	90	NPB
DIABLO	chr12	122218266	122218397	-	132	CPB
SLC15A4	chr12	128809943	128810111	-	169	ESF
SFSWAP	chr12	131714071	131714193	+	123	NFS
ATP8A2	chr13	25468977	25469121	+	145	CFS
ATP8A2	chr13	25530572	25530660	+	89	NPB
CDK8	chr13	26382814	26382871	+	58	ESF
N4BP2L2	chr13	32522182	32522270	-	89	CPB
N4BP2L2	chr13	32527408	32527532	-	125	ESF
ALG5	chr13	36995425	36995596	-	172	CPB
ALG5	chr13	36995427	36995596	-	170	NFS
ALG5	chr13	36995427	36995616	-	190	NPB
SUPT20H	chr13	37022011	37023044	-	1034	NPB
TRPC4	chr13	37691999	37692335	-	337	ESF
NAA16	chr13	41362031	41362873	+	843	NPB
DGKH	chr13	42221162	42221394	+	233	NPB
TSC22D1	chr13	44539767	44539936	-	170	NPB
CPB2	chr13	46064648	46064741	-	94	ESF
SUCLA2	chr13	47996843	47997023	-	181	CFS
FNDC3A	chr13	49191015	49191109	+	95	NFS
RNASEH2B	chr13	50929461	50929582	+	122	NPB
ATP7B	chr13	51960148	51960322	-	175	ESF
PCDH17	chr13	57666653	57666833	+	181	NPB
NDFIP2	chr13	79543618	79543682	+	65	ESF
DZIP1	chr13	95630714	95630813	-	100	NPB
MBNL2	chr13	97356796	97356849	+	54	CPB
MBNL2	chr13	97366459	97366553	+	95	CUA
DOCK9	chr13	98846520	98846556	-	37	NFS
CLYBL	chr13	99892443	99892564	+	122	NUA
PCCA	chr13	100307192	100307260	+	69	ESF
NALCN	chr13	101345301	101345420	-	120	NFS
ARGLU1	chr13	106557559	106557616	-	58	NFS
ANKRD10	chr13	110900530	110900661	-	132	NPB
OSGEP	chr14	20449171	20449301	-	131	NPB
NDRG2	chr14	21022062	21022182	-	121	CFS
HNRNPC	chr14	21263311	21263336	-	26	ESF
HNRNPC	chr14	21263667	21263829	-	163	CFS
RAB2B	chr14	21468670	21468752	-	83	ESF
METTL3	chr14	21500495	21500682	-	188	ESF
PRMT5	chr14	22928497	22928615	-	119	ESF
ACIN1	chr14	23067314	23068671	-	1358	NPB
SLC7A8	chr14	23140471	23140624	-	154	ESF
SLC22A17	chr14	23347891	23347996	-	106	ESF
PCK2	chr14	24099049	24099247	+	199	NPB
DCAF11	chr14	24116917	24117044	+	128	NPB
PSME1	chr14	24116972	24117044	+	73	ESF
NOVA1	chr14	26549680	26549781	-	102	NPB
G2E3	chr14	30605505	30605812	+	308	ESF
SCFD1	chr14	30673235	30673347	+	113	NPB
SCFD1	chr14	30702296	30702375	+	80	ESF
STRN3	chr14	30913524	30913657	-	134	ESF
AL139353.1	chr14	31350612	31350717	-	106	CUA
AL139353.1	chr14	31358637	31358812	-	176	CUA
AL139353.1	chr14	31364189	31364298	-	110	CUA
AL139353.1	chr14	31374816	31374968	-	153	CUA
AL139353.1	chr14	31380467	31380578	-	112	CUA
AL139353.1	chr14	31387120	31387375	-	256	CUA
AL139353.1	chr14	31394052	31394226	-	175	CUA
AL139353.1	chr14	31398673	31398781	-	109	CUA
NUBPL	chr14	31787780	31787873	+	94	ESF
ARHGAP5	chr14	32117143	32117287	+	145	ESF
NPAS3	chr14	33394199	33394244	+	46	NPB
SNX6	chr14	34604135	34604268	-	134	NPB
SNX6	chr14	34605596	34605717	-	122	CFS
CFL2	chr14	34713397	34713561	-	165	NFS
CFL2	chr14	34713508	34713561	-	54	NFS
BAZ1A	chr14	34768690	34768780	-	91	NPB
SRP54	chr14	35008652	35008693	+	42	CFS
PPP2R3C	chr14	35087951	35088031	-	81	NPB
PPP2R3C	chr14	35109848	35109931	-	84	NFS
PPP2R3C	chr14	35116610	35116737	-	128	ESF
PRPF39	chr14	45096424	45096492	+	69	NPB
PRPF39	chr14	45096424	45096758	+	335	NPB
PRPF39	chr14	45096596	45096758	+	163	NPB
PRPF39	chr14	45109894	45109993	+	100	NUA
MDGA2	chr14	47035011	47035278	-	268	NPB
MAP4K5	chr14	50486104	50486194	-	91	ESF
ATL1	chr14	50620599	50620726	+	128	ESF
RTRAF	chr14	51993723	51993822	+	100	ESF
GMFB	chr14	54480874	54480941	-	68	NUA
WDHD1	chr14	54989028	54989212	-	185	ESF
TMEM260	chr14	56603815	56603992	+	178	ESF
CCDC198	chr14	57490989	57491071	-	83	ESF
ACTR10	chr14	58211292	58211392	+	101	NFS
CHURC1-FNTB	chr14	64926010	64926080	+	71	ESF
MAX	chr14	65077385	65077428	-	44	CPB
FUT8	chr14	65629492	65629606	+	115	CFS
CCDC196	chr14	66491607	66491685	+	79	NPB
GPHN	chr14	66776464	66776521	+	58	ESF
PLEK2	chr14	67395402	67395583	-	182	ESF
RDH11	chr14	67692973	67693052	-	80	ESF
ZFYVE26	chr14	67804101	67804264	-	164	ESF
ACTN1	chr14	68900862	68900946	-	85	NPB
ACTN1	chr14	68925558	68925672	-	115	CFS
SRSF5	chr14	69769511	69770540	+	1030	NPB
SLC8A3	chr14	70051990	70052114	-	125	CPB
RBM25	chr14	73088370	73088474	+	105	NPB
RBM25	chr14	73100301	73100362	+	62	NPB
ZNF410	chr14	73896348	73896534	+	187	NPB
AREL1	chr14	74670762	74670871	-	110	ESF
AREL1	chr14	74683296	74683533	-	238	ESF
AREL1	chr14	74684484	74684680	-	197	ESF
DLST	chr14	74889897	74889952	+	56	ESF
MLH3	chr14	75042379	75042477	-	99	ESF
NEK9	chr14	75124046	75124223	-	178	ESF
POMT2	chr14	77302835	77302943	-	109	ESF
GALC	chr14	87945553	87945733	-	181	ESF
TTC7B	chr14	90644048	90644208	-	161	CPB
RPS6KA5	chr14	90947435	90947550	-	116	ESF
PPP4R3A	chr14	91466261	91466416	-	156	NUA
ATXN3	chr14	92093252	92093318	-	67	ESF
ATXN3	chr14	92093746	92093831	-	86	CFS
ATXN3	chr14	92093746	92093850	-	105	ESF
BTBD7	chr14	93263785	93263993	-	209	ESF
DICER1	chr14	95140659	95140759	-	101	PESF
DICER1	chr14	95141683	95141748	-	66	PESF
VRK1	chr14	96837762	96837814	+	53	ESF
VRK1	chr14	96855224	96855352	+	129	CFS
VRK1	chr14	96874273	96874491	+	219	NPB
YY1	chr14	100275943	100276074	+	132	NPB
SLC25A29	chr14	100295626	100295697	-	72	NPB
WDR25	chr14	100468021	100468168	+	148	ESF
WDR20	chr14	102194938	102195120	+	183	CPB
MOK	chr14	102263546	102263616	-	71	ESF
MOK	chr14	102265823	102265912	-	90	ESF
MARK3	chr14	103451918	103451983	+	66	CPB
MARK3	chr14	103465557	103465793	+	237	CPB
MTA1	chr14	105464463	105464567	+	105	NPB
SNURF	chr15	24976305	24976416	+	112	CUA
RYR3	chr15	33807555	33807800	+	246	NPB
C15orf41	chr15	36644278	36644323	+	46	ESF
C15orf41	chr15	36691685	36691764	+	80	CPB
MEIS2	chr15	36894752	36894812	-	61	CPB
DNAJC17	chr15	40776542	40776627	-	86	ESF
INO80	chr15	41016088	41016215	-	128	ESF
INO80	chr15	41058639	41058781	-	143	ESF
CHP1	chr15	41256910	41256990	+	81	CFS
TYRO3	chr15	41568878	41569022	+	145	ESF
TMEM87A	chr15	42272063	42272123	-	61	ESF
UBR1	chr15	43058341	43058429	-	89	ESF
UBR1	chr15	43085984	43086240	-	257	ESF
TMEM62	chr15	43138574	43138619	+	46	ESF
ADAL	chr15	43336626	43336686	+	61	ESF
TP53BP1	chr15	43414048	43414116	-	69	NPB
TP53BP1	chr15	43446766	43446914	-	149	NPB
CKMT1A	chr15	43694527	43695002	+	476	NPB
FRMD5	chr15	43924205	43924309	-	105	CFS
CASC4	chr15	44337763	44337907	+	145	CPB
CTDSPL2	chr15	44501962	44502048	+	87	NPB
BLOC1S6	chr15	45603104	45603187	+	84	NPB
MYEF2	chr15	48167342	48167401	-	60	ESF
ATP8B4	chr15	50047351	50047464	-	114	CFS
USP8	chr15	50441349	50441493	+	145	ESF
AP4E1	chr15	50934536	50934697	+	162	NPB
DMXL2	chr15	51464675	51464876	-	202	ESF
GNB5	chr15	52147459	52147535	-	77	ESF
MYO5A	chr15	52428398	52428569	-	172	ESF
FAM214A	chr15	52587056	52587219	-	164	NPB
ZNF280D	chr15	56667997	56668241	-	245	NPB
ZNF280D	chr15	56704121	56704267	-	147	CFS
MINDY2	chr15	58831774	58831916	+	143	ESF
SLTM	chr15	58897115	58897233	-	119	CPB
SLTM	chr15	58899469	58899937	-	469	ESF
SLTM	chr15	58912563	58912610	-	48	ESF
SLTM	chr15	58913499	58913696	-	198	ESF
SLTM	chr15	58932356	58932443	-	88	ESF
BNIP2	chr15	59678748	59678834	-	87	NPB
ICE2	chr15	60468061	60468322	-	262	CPB
RORA	chr15	60677151	60677232	-	82	NPB
TPM1	chr15	63064064	63064143	+	80	ESF
TPM1	chr15	63065896	63066085	+	190	NPB
USP3	chr15	63532647	63532707	+	61	ESF
USP3	chr15	63533803	63533918	+	116	NPB
CSNK1G1	chr15	64207509	64207594	-	86	CUA
CSNK1G1	chr15	64213890	64214124	-	235	CUA
CSNK1G1	chr15	64216562	64216713	-	152	CPB
CSNK1G1	chr15	64251512	64251581	-	70	ESF
AC087632.2	chr15	64300319	64300723	-	405	CPB
SPG21	chr15	64970114	64970222	-	109	CPB
MTFMT	chr15	65023672	65023794	-	123	ESF
DPP8	chr15	65455712	65455841	-	130	NPB
INTS14	chr15	65605129	65605236	-	108	CFS
MEGF11	chr15	65909034	65909121	-	88	NPB
MEGF11	chr15	65922338	65922472	-	135	CFS
TIPIN	chr15	66351525	66351600	-	76	ESF
IQCH	chr15	67494258	67494366	+	109	CPB
CLN6	chr15	68209637	68209720	-	84	NPB
LRRC49	chr15	70900922	70901024	+	103	ESF
MYO9A	chr15	72032494	72032588	-	95	ESF
PARP6	chr15	72260478	72260688	-	211	ESF
CELF6	chr15	72304746	72304794	-	49	ESF
ARIH1	chr15	72544820	72544964	+	145	ESF
CLK3	chr15	74622120	74622216	+	97	ESF
NRG4	chr15	75969129	75969224	-	96	NPB
ETFA	chr15	76292431	76292513	-	83	CPB
CIB2	chr15	78111165	78111276	-	112	ESF
MINAR1	chr15	79463695	79463760	+	66	NPB
STARD5	chr15	81322899	81322948	-	50	ESF
EFL1	chr15	82227450	82227579	-	130	NPB
BTBD1	chr15	83028616	83028728	-	113	NUA
POLG	chr15	89332218	89332374	-	157	NPB
AC091167.7	chr15	90251554	90251594	+	41	CPB
IQGAP1	chr15	90482702	90482749	+	48	NPB
CHD2	chr15	92998138	92998261	+	124	NPB
CHD2	chr15	92998149	92998261	+	113	NPB
LRRC28	chr15	99276576	99276616	+	41	ESF
SNRPA1	chr15	101286214	101286293	-	80	ESF
LUC7L	chr16	220649	220747	-	99	CUA
LUC7L	chr16	227242	227336	-	95	CPB
LUC7L	chr16	228333	228402	-	70	CFS
MEIOB	chr16	1865778	1865835	-	58	ESF
ZNF598	chr16	2001592	2001700	-	109	NFS
TBC1D24	chr16	2499357	2499420	+	64	ESF
SRRM2	chr16	2768505	2768599	+	95	NPB
ADCY9	chr16	4007368	4007558	-	191	ESF
SRL	chr16	4204533	4204634	-	102	CPB
PAM16	chr16	4343207	4343291	-	85	ESF
ANKS3	chr16	4726979	4727177	-	199	CFS
PMM2	chr16	8801799	8801910	+	112	CFS
TXNDC11	chr16	11730645	11730774	-	130	ESF
ZC3H7A	chr16	11769031	11769095	-	65	ESF
NTAN1	chr16	15044334	15044407	-	74	ESF
NTAN1	chr16	15047997	15048099	-	103	ESF
FOPNL	chr16	15879804	15879888	-	85	ESF
SMG1	chr16	18804860	18809646	-	4787	LUA
REXO5	chr16	20814927	20815053	+	127	ESF
UQCRC2	chr16	21957417	21957566	+	150	CFS
MOSMO	chr16	22083676	22083868	+	193	NPB
POLR3E	chr16	22313658	22313727	+	70	NPB
CDR2	chr16	22349701	22349849	-	149	CPB
XPO6	chr16	28152930	28152964	-	35	NPB
FBRS	chr16	30665035	30665079	+	45	ESF
FUS	chr16	31186802	31186836	+	35	ESF
ABCC12	chr16	48096746	48096932	-	187	NPB
CNEP1R1	chr16	50029725	50029798	+	74	ESF
FTO	chr16	53825864	53826491	+	628	ESF
CNOT1	chr16	58587780	58587878	-	99	ESF
CDH8	chr16	61727094	61727215	-	122	ESF
DYNC1LI2	chr16	66751273	66751303	-	31	NFS
NAE1	chr16	66823529	66823600	-	72	CPB
NAE1	chr16	66826677	66826780	-	104	ESF
CA7	chr16	66850541	66850659	+	119	ESF
FHOD1	chr16	67236411	67236434	-	24	NPB
LRRC36	chr16	67341957	67342084	+	128	ESF
LRRC36	chr16	67363590	67363714	+	125	ESF
ATP6V0D1	chr16	67453544	67453715	-	172	CFS
RANBP10	chr16	67772034	67772086	-	53	ESF
LCAT	chr16	67943056	67943189	-	134	NPB
DUS2	chr16	68049505	68049550	+	46	ESF
SLC7A6OS	chr16	68302381	68302509	-	129	NPB
PRMT7	chr16	68321426	68321462	+	37	ESF
NFAT5	chr16	69646517	69646578	+	62	NPB
NFAT5	chr16	69647028	69647167	+	140	NFS/NUA
NFAT5	chr16	69659727	69659899	+	173	ESF
NOB1	chr16	69752241	69752371	-	131	ESF
COG4	chr16	70519677	70519731	-	55	NFS
SF3B3	chr16	70550650	70550678	+	29	NPB
AP1G1	chr16	71761512	71761567	-	56	ESF
AP1G1	chr16	71765489	71765650	-	162	NPB
AP1G1	chr16	71769619	71769699	-	81	NFS
ZNF821	chr16	71864903	71865048	-	146	ESF
ZNF821	chr16	71867893	71868037	-	145	NFS
FA2H	chr16	74727244	74727386	-	143	ESF
WDR59	chr16	74908908	74908977	-	70	ESF
TMEM231	chr16	75545864	75545954	-	91	NFS
ADAMTS18	chr16	77367437	77367723	-	287	NFS
GCSH	chr16	81090601	81090680	-	80	CFS
GAN	chr16	81351583	81351697	+	115	ESF
MBTPS1	chr16	84084983	84085134	-	152	ESF
KLHDC4	chr16	87756399	87756477	-	79	ESF
CA5A	chr16	87893619	87893726	-	108	NPB
RPL13	chr16	89561596	89561751	+	156	NPB
ZNF276	chr16	89727279	89727357	+	79	ESF
VPS53	chr17	661809	661895	-	87	CFS
YWHAE	chr17	1361930	1362008	-	79	NFS
INPP5K	chr17	1513453	1513554	-	102	NPB
PITPNA	chr17	1543020	1543027	-	8	ESF
METTL16	chr17	2473524	2473664	-	141	PESF
PAFAH1B1	chr17	2665372	2665456	+	85	ESF
TRPV3	chr17	3524198	3524363	-	166	ESF
CTNS	chr17	3648847	3648931	+	85	ESF
P2RX5	chr17	3681896	3681978	-	83	ESF
ZZEF1	chr17	4062753	4062917	-	165	CFS
ZZEF1	chr17	4071339	4071446	-	108	NPB
UBE2G1	chr17	4296717	4296814	-	98	ESF
CAMTA2	chr17	4982089	4982227	-	139	NFS
DERL2	chr17	5482809	5482882	-	74	CFS
DLG4	chr17	7191893	7192002	-	110	ESF
DLG4	chr17	7204008	7204067	-	60	CFS
SLC2A4	chr17	7283974	7284089	+	116	ESF
AC104581.2	chr17	7926059	7926103	-	45	CUA
STX8	chr17	9557434	9557528	-	95	ESF
SCO1	chr17	10695741	10695834	-	94	NPB
MAP2K4	chr17	12054889	12054991	+	103	ESF
MYOCD	chr17	12710495	12710538	+	44	NPB
TVP23C-CDRT4	chr17	15553685	15553829	-	145	ESF
CDRT1	chr17	15553765	15553829	-	65	NPB
COPS3	chr17	17267885	17268045	-	161	NPB
COPS3	chr17	17276035	17276164	-	130	CPB
ATPAF2	chr17	18028232	18028377	-	146	ESF
DRG2	chr17	18093813	18093968	+	156	NFS
TOP3A	chr17	18308351	18308424	-	74	ESF
TVP23B	chr17	18790896	18791040	+	145	ESF
AKAP10	chr17	19940887	19941010	-	124	ESF
NLK	chr17	28196180	28196381	+	202	NUA
TRAF4	chr17	28747218	28747264	+	47	NPB
PHF12	chr17	28911330	28911384	-	55	NPB
PHF12	chr17	28919143	28919275	-	133	ESF
PHF12	chr17	28923909	28924302	-	394	ESF
CORO6	chr17	29619651	29619769	-	119	NFS
SLC6A4	chr17	30209143	30209242	-	100	ESF
BLMH	chr17	30289373	30289482	-	110	ESF
RHOT1	chr17	32222829	32222902	+	74	NPB
ZNF207	chr17	32373399	32373457	+	59	CPB
TAF15	chr17	35833907	35833941	+	35	ESF
ACACA	chr17	37151301	37151421	-	121	ESF
MED1	chr17	39440386	39440518	-	133	ESF
IKZF3	chr17	39791416	39791583	-	168	ESF
MSL1	chr17	40131220	40131345	+	126	NPB
SMARCE1	chr17	40642455	40642559	-	105	ESF
SMARCE1	chr17	40645576	40645619	-	44	CUA
SMARCE1	chr17	40645796	40645847	-	52	CUA
DNAJC7	chr17	41992799	41992867	-	69	NPB
DNAJC7	chr17	42000482	42000570	-	89	CFS
RETREG3	chr17	42587834	42587864	-	31	ESF
EZH1	chr17	42719105	42719207	-	103	ESF
AARSD1	chr17	42953724	42953778	-	55	ESF
GPATCH8	chr17	44467097	44467114	-	18	NPB
GPATCH8	chr17	44473725	44473759	-	35	NPB
CDC27	chr17	47122444	47122619	-	176	NPB
CDC27	chr17	47151806	47151936	-	131	ESF
CDC27	chr17	47154672	47154864	-	193	NPB
CDC27	chr17	47158206	47158303	-	98	ESF
CDC27	chr17	47171917	47172064	-	148	ESF
NPEPPS	chr17	47545909	47545993	+	85	ESF
NPEPPS	chr17	47577045	47577160	+	116	NFS
NPEPPS	chr17	47585500	47585745	+	246	NPB
SKAP1	chr17	48184723	48184847	-	125	ESF
UBE2Z	chr17	48912834	48912965	+	132	NFS
UBE2Z	chr17	48912834	48913021	+	188	ESF
XYLT2	chr17	50357057	50357252	+	196	ESF
LUC7L3	chr17	50749219	50749344	+	126	NPB
LUC7L3	chr17	50749224	50749344	+	121	NPB
LUC7L3	chr17	50750724	50751004	+	281	NUA
LUC7L3	chr17	50751297	50751362	+	66	NPB
MBTD1	chr17	51209314	51209430	-	117	NPB
MSI2	chr17	57259977	57260054	+	78	NPB
MSI2	chr17	57655695	57655744	+	50	NFS
MSI2	chr17	57674972	57675126	+	155	CPB
MSI2	chr17	57676987	57677059	+	73	CPB
MSI2	chr17	57679549	57680297	+	749	NUA
SRSF1	chr17	58003802	58004001	-	200	NUA
SRSF1	chr17	58003807	58004001	-	195	NUA
SRSF1	chr17	58004923	58005041	-	119	NUA
MKS1	chr17	58216088	58216243	-	156	ESF
TRIM37	chr17	59084002	59084089	-	88	ESF
GDPD1	chr17	59257122	59257240	+	119	ESF
DHX40	chr17	59570518	59570663	+	146	ESF
VMP1	chr17	59735338	59735473	+	136	ESF
TUBD1	chr17	59880894	59881110	-	217	ESF
RPS6KB1	chr17	59926416	59926582	+	167	NPB
RNFT1	chr17	59962540	59962616	-	77	ESF
BCAS3	chr17	60683982	60684036	+	55	ESF
DCAF7	chr17	63594203	63594279	+	77	NUA
STRADA	chr17	63728334	63728413	-	80	CPB
DDX42	chr17	63799480	63799523	+	44	NPB
DDX42	chr17	63799589	63799625	+	37	ESF
DDX5	chr17	64501057	64501143	-	87	NPB
DDX5	chr17	64501261	64502069	-	809	NPB
DDX5	chr17	64504273	64504318	-	46	ESF
SMURF2	chr17	64593991	64594104	-	114	NPB
PRKAR1A	chr17	68523714	68523816	+	103	NPB
SRP68	chr17	76070378	76070444	-	67	ESF
EXOC7	chr17	76090329	76090397	-	69	ESF
JMJD6	chr17	76721263	76721351	-	89	NPB
JMJD6	chr17	76721263	76721356	-	94	NFS
SRSF2	chr17	76734123	76734562	-	440	NUA
SRSF2	chr17	76734252	76734562	-	311	NUA
SRSF2	chr17	76735772	76735875	-	104	NUA
NPLOC4	chr17	81608728	81608822	-	95	ESF
THOC1	chr18	264026	264092	-	67	ESF
ANKRD12	chr18	9239477	9239556	+	80	NPB
CEP76	chr18	12698979	12699165	-	187	NPB
PSMG2	chr18	12706550	12706721	+	172	CFS
PTPN2	chr18	12836791	12836891	-	101	CPB
ROCK1	chr18	20960663	20960711	-	49	NFS
OSBPL1A	chr18	24368287	24368372	-	86	ESF
SS18	chr18	26087501	26087577	-	77	CFS
ASXL3	chr18	33626873	33627070	+	198	NPB
NOL4	chr18	34128849	34128889	-	41	NPB
ELP2	chr18	36133238	36133316	+	79	ESF
ELP2	chr18	36160932	36161004	+	73	ESF
CELF4	chr18	37244980	37245197	-	218	CUA
ST8SIA5	chr18	46721362	46721469	-	108	ESF
HDHD2	chr18	47136302	47136449	-	148	NPB
AC012254.2	chr18	47136339	47136449	-	111	CPB
ME2	chr18	50916168	50916243	+	76	ESF
ME2	chr18	50939570	50939640	+	71	ESF
SMAD4	chr18	51077307	51077419	+	113	NPB
MBD2	chr18	54187714	54187837	-	124	NPB
TCF4	chr18	55350874	55351000	-	127	CPB
TCF4	chr18	55401689	55401777	-	89	NPB
TCF4	chr18	55585280	55585352	-	73	CFS
TCF4	chr18	55587045	55587136	-	92	CPB
VPS4B	chr18	63407432	63407499	-	68	ESF
TMX3	chr18	68701745	68701790	-	46	ESF
PTBP1	chr19	807869	807902	+	34	ESF
CIRBP	chr19	1273494	1273715	+	222	NPB
CIRBP	chr19	1273601	1273715	+	115	NPB
DAZAP1	chr19	1425878	1425960	+	83	ESF
TCF3	chr19	1615285	1615485	-	201	CPB
TCF3	chr19	1615285	1615515	-	231	NPB
CELF5	chr19	3290231	3290374	+	144	ESF
DPP9	chr19	4683190	4683324	-	135	NPB
SAFB2	chr19	5611120	5611630	-	511	ESF
HSD11B1L	chr19	5686416	5686527	+	112	CPB
RANBP3	chr19	5951393	5951596	-	204	CPB
RANBP3	chr19	5957907	5957973	-	67	NFS
HNRNPM	chr19	8462529	8462581	+	53	ESF
HNRNPM	chr19	8462529	8462589	+	61	CFS
ADAMTS10	chr19	8597234	8597322	-	89	NPB
ILF3	chr19	10678613	10678704	+	92	ESF
ILF3	chr19	10678653	10678704	+	52	NFS
ILF3	chr19	10680346	10680443	+	98	ESF
TMED1	chr19	10834934	10835117	-	184	CPB
AC008481.3	chr19	11466608	11466827	-	220	CPB
TRIR	chr19	12731344	12731557	-	214	NPB
HOOK2	chr19	12774669	12774741	-	73	ESF
RAD23A	chr19	12948497	12948552	+	56	ESF
RAD23A	chr19	12948514	12948552	+	39	NPB
TRMT1	chr19	13115997	13116052	-	56	ESF
CACNA1A	chr19	13236449	13236618	-	170	NPB
AKAP8	chr19	15369067	15369224	-	158	NPB
AKAP8L	chr19	15403475	15403555	-	81	CPB
AKAP8L	chr19	15403653	15403715	-	63	CFS
EPS15L1	chr19	16377122	16377254	-	133	ESF
EPS15L1	chr19	16440885	16440909	-	25	NFS
URI1	chr19	29971193	29971227	+	35	ESF
DPY19L3	chr19	32468731	32468813	+	83	ESF
PDCD5	chr19	32584955	32585011	+	57	NFS
ANKRD27	chr19	32646459	32646615	-	157	ESF
CEP89	chr19	32966360	32966466	-	107	CFS
SLC7A10	chr19	33215769	33215973	-	205	ESF
PEPD	chr19	33500938	33501001	-	64	ESF
U2AF1L4	chr19	35745125	35745187	-	63	NFS
HNRNPL	chr19	38841613	38841682	-	70	NPB
BLVRB	chr19	40458174	40458244	-	71	NFS
C19orf54	chr19	40743915	40743981	-	67	ESF
ARHGEF1	chr19	41904949	41905036	+	88	ESF
CLASRP	chr19	45057750	45057882	+	133	NFS
CLASRP	chr19	45057750	45057898	+	149	CPB
GIPR	chr19	45677323	45677383	+	61	ESF
STRN4	chr19	46727452	46727567	-	116	ESF
BAX	chr19	48955548	48955599	+	52	ESF
SNRNP70	chr19	49102114	49102173	+	60	NPB
SNRNP70	chr19	49102114	49102185	+	72	NPB
TEAD2	chr19	49348957	49349059	-	103	NPB
POLD1	chr19	50415724	50415826	+	103	ESF
SHANK1	chr19	50663097	50663169	-	73	NPB
U2AF2	chr19	55658862	55658981	+	120	NPB
U2AF2	chr19	55661771	55661834	+	64	NPB
NSFL1C	chr20	1464329	1464426	-	98	ESF
SNRPB	chr20	2467192	2467315	-	124	NPB
IDH3B	chr20	2658638	2658837	-	200	NPB
IDH3B	chr20	2658759	2658837	-	79	ESF
PANK2	chr20	3907926	3908278	+	353	ESF
GPCPD1	chr20	5586194	5586269	-	76	ESF
BTBD3	chr20	11919086	11919176	+	91	ESF
SEL1L2	chr20	13865349	13865514	-	166	ESF
AL109827.1	chr20	35655202	35655344	-	143	NPB
AL109827.1	chr20	35658930	35659014	-	85	CPB
RBM39	chr20	35709224	35709309	-	86	NPB
RBM39	chr20	35734186	35734257	-	72	NPB
RBM39	chr20	35739393	35739547	-	155	NPB
RBM39	chr20	35740525	35740597	-	73	NPB
RPRD1B	chr20	38040435	38040564	+	130	ESF
SRSF6	chr20	43459153	43459420	+	268	NPB
L3MBTL1	chr20	43529203	43529368	+	166	NPB
YWHAB	chr20	44902898	44903121	+	224	NPB
YWHAB	chr20	44903036	44903121	+	86	NFS
SLC12A5	chr20	46037255	46037385	+	131	ESF
BCAS4	chr20	50840537	50840930	+	394	NPB
DPM1	chr20	50940865	50940955	-	91	NPB
DPM1	chr20	50945847	50945923	-	77	CFS
VAPB	chr20	58434602	58434705	+	104	ESF
GNAS	chr20	58895612	58895684	+	73	CPB
OSBPL2	chr20	62259981	62260125	+	145	CFS
U2AF1L5	chr21	6492255	6492292	-	38	NPB
EVA1C	chr21	32453312	32453508	+	197	ESF
PAXBP1	chr21	32755213	32755353	-	141	NFS
SON	chr21	33572551	33572630	+	80	NFS
DONSON	chr21	33583488	33583666	-	179	ESF
U2AF1	chr21	43100453	43100519	-	67	CPB
U2AF1	chr21	43101366	43101432	-	67	CFS
MICAL3	chr22	17830067	17830154	-	88	NPB
MICAL3	chr22	17899448	17899548	-	101	ESF
C22orf39	chr22	19408483	19408593	-	111	CPB
CRKL	chr22	20953206	20953747	+	542	NUA
CHEK2	chr22	28719395	28719485	-	91	CPB
EWSR1	chr22	29290413	29290684	+	272	NPB
EWSR1	chr22	29291565	29291599	+	35	ESF
ASCC2	chr22	29825622	29825780	-	159	ESF
HMGXB4	chr22	35263982	35264096	+	115	CPB
RBFOX2	chr22	35752613	35752655	-	43	NPB
DDX17	chr22	38489228	38489458	-	231	NPB
GTPBP1	chr22	38708845	38708956	+	112	ESF
RPL3	chr22	39316706	39317021	-	316	NPB
SLC25A17	chr22	40799023	40799040	-	18	PESF
SULT4A1	chr22	43827514	43827640	-	127	NPB
ALG12	chr22	49907721	49907944	-	224	CFS
ARHGAP6	chrX	11148630	11148719	-	90	NPB
AP1S2	chrX	15840497	15840591	-	95	NPB
SAT1	chrX	23784294	23784403	+	110	NPB
GK	chrX	30665511	30665584	+	74	ESF
DMD	chrX	31773960	31774192	-	233	CPB
CASK	chrX	41787178	41787283	-	106	ESF
CASK	chrX	41853115	41853227	-	113	CFS
KDM6A	chrX	45020610	45020730	+	121	ESF
RBM10	chrX	47175019	47175092	+	74	ESF
WDR45	chrX	49077643	49077747	-	105	ESF
HUWE1	chrX	53544560	53544762	-	203	ESF
LAS1L	chrX	65533610	65533735	-	126	CFS
STARD8	chrX	68716368	68716431	+	64	CPB
HDAC8	chrX	72462004	72462102	-	99	CPB
HDAC8	chrX	72495156	72495266	-	111	CPB
HDAC8	chrX	72495156	72495268	-	113	CPB
UPRT	chrX	75296342	75296411	+	70	CPB
PCDH19	chrX	100291647	100291870	-	224	NUA
ATG4A	chrX	108134339	108134411	+	73	ESF
CUL4B	chrX	120532422	120532594	-	173	ESF
CUL4B	chrX	120538118	120538209	-	92	ESF
CUL4B	chrX	120543727	120543964	-	238	NPB
CUL4B	chrX	120557924	120558039	-	116	CFS
GRIA3	chrX	123465674	123465788	+	115	CFS
GRIA3	chrX	123480063	123480177	+	115	CPB
THOC2	chrX	123620375	123620965	-	591	NPB
AIFM1	chrX	130129502	130129628	-	127	NPB
AIFM1	chrX	130155156	130155187	-	32	NFS
AIFM1	chrX	130155156	130155286	-	131	CPB
AIFM1	chrX	130156461	130156603	-	143	ESF
FMR1	chrX	147924919	147925055	+	137	NPB
DKC1	chrX	154766997	154767061	+	65	ESF
BX470111.1	chrX	155063966	155064033	-	68	CUA
VAMP7	chrX	155895623	155895680	+	58	ESF
UTY	chrY	13393859	13393893	-	35	ESF
VAMP7	chrY	57082143	57082200	+	58	ESF